strategy_id,ticker,selection_rows,avg_weight,max_weight,source,source_size_mb
top10_dropout_mw10p,TSLA,554,0.1,0.1,outputs\us_stock_selection\run_20260502_220641\v8_2_year_stability\v8_2_monthly_holdings_by_strategy.csv,9.825
top10_dropout_mw10p,ADBE,534,0.1,0.1,outputs\us_stock_selection\run_20260502_220641\v8_2_year_stability\v8_2_monthly_holdings_by_strategy.csv,9.825
top5_dropout_mw20p,TSLA,492,0.2,0.2,outputs\us_stock_selection\run_20260502_220641\v8_2_year_stability\v8_2_monthly_holdings_by_strategy.csv,9.825
top10_dropout_mw10p,MSTR,490,0.1,0.1,outputs\us_stock_selection\run_20260502_220641\v8_2_year_stability\v8_2_monthly_holdings_by_strategy.csv,9.825
top10_dropout_mw10p,UBER,481,0.1,0.1,outputs\us_stock_selection\run_20260502_220641\v8_2_year_stability\v8_2_monthly_holdings_by_strategy.csv,9.825
top10_dropout_mw10p,INTC,470,0.1,0.1,outputs\us_stock_selection\run_20260502_220641\v8_2_year_stability\v8_2_monthly_holdings_by_strategy.csv,9.825
top10_dropout_mw10p,PLTR,469,0.1,0.1,outputs\us_stock_selection\run_20260502_220641\v8_2_year_stability\v8_2_monthly_holdings_by_strategy.csv,9.825
top15_equal_mw10p,SHOP,448,0.0666666666666666,0.0666666666666666,outputs\us_stock_selection\run_20260502_220641\v8_2_year_stability\v8_2_monthly_holdings_by_strategy.csv,9.825
top15_equal_mw10p,MSTR,427,0.0666666666666666,0.0666666666666666,outputs\us_stock_selection\run_20260502_220641\v8_2_year_stability\v8_2_monthly_holdings_by_strategy.csv,9.825
top15_equal_mw10p,TQQQ,409,0.0666666666666666,0.0666666666666666,outputs\us_stock_selection\run_20260502_220641\v8_2_year_stability\v8_2_monthly_holdings_by_strategy.csv,9.825
top15_equal_mw10p,TSLA,408,0.0666666666666666,0.0666666666666666,outputs\us_stock_selection\run_20260502_220641\v8_2_year_stability\v8_2_monthly_holdings_by_strategy.csv,9.825
top5_dropout_mw20p,MSTR,384,0.20000000000000004,0.2,outputs\us_stock_selection\run_20260502_220641\v8_2_year_stability\v8_2_monthly_holdings_by_strategy.csv,9.825
top10_dropout_mw10p,NOW,375,0.1,0.1,outputs\us_stock_selection\run_20260502_220641\v8_2_year_stability\v8_2_monthly_holdings_by_strategy.csv,9.825
top15_equal_mw10p,NVDA,373,0.0666666666666666,0.0666666666666666,outputs\us_stock_selection\run_20260502_220641\v8_2_year_stability\v8_2_monthly_holdings_by_strategy.csv,9.825
top15_equal_mw10p,INTC,366,0.0666666666666666,0.0666666666666666,outputs\us_stock_selection\run_20260502_220641\v8_2_year_stability\v8_2_monthly_holdings_by_strategy.csv,9.825
top10_dropout_mw10p,CRM,364,0.09999999999999999,0.1,outputs\us_stock_selection\run_20260502_220641\v8_2_year_stability\v8_2_monthly_holdings_by_strategy.csv,9.825
top10_equal_mw10p,MSTR,364,0.09999999999999999,0.1,outputs\us_stock_selection\run_20260502_220641\v8_2_year_stability\v8_2_monthly_holdings_by_strategy.csv,9.825
top10_equal_mw15p,MSTR,364,0.09999999999999999,0.1,outputs\us_stock_selection\run_20260502_220641\v8_2_year_stability\v8_2_monthly_holdings_by_strategy.csv,9.825
top10_equal_mw20p,MSTR,364,0.09999999999999999,0.1,outputs\us_stock_selection\run_20260502_220641\v8_2_year_stability\v8_2_monthly_holdings_by_strategy.csv,9.825
top10_roll3mcap30p_derisk50,MSTR,364,0.09313186813186813,0.1,outputs\us_stock_selection\run_20260502_220641\v8_2_year_stability\v8_2_monthly_holdings_by_strategy.csv,9.825
top10_roll3mcap50p_derisk50,MSTR,364,0.09931318681318681,0.1,outputs\us_stock_selection\run_20260502_220641\v8_2_year_stability\v8_2_monthly_holdings_by_strategy.csv,9.825
top10_roll6mcap50p_derisk50,MSTR,364,0.09244505494505494,0.1,outputs\us_stock_selection\run_20260502_220641\v8_2_year_stability\v8_2_monthly_holdings_by_strategy.csv,9.825
top10_roll6mcap80p_derisk50,MSTR,364,0.09945054945054946,0.1,outputs\us_stock_selection\run_20260502_220641\v8_2_year_stability\v8_2_monthly_holdings_by_strategy.csv,9.825
top10_voltarget15p_w20,MSTR,364,0.048972193653884825,0.1,outputs\us_stock_selection\run_20260502_220641\v8_2_year_stability\v8_2_monthly_holdings_by_strategy.csv,9.825
top10_voltarget15p_w60,MSTR,364,0.049347512938267356,0.1,outputs\us_stock_selection\run_20260502_220641\v8_2_year_stability\v8_2_monthly_holdings_by_strategy.csv,9.825
top10_voltarget20p_w20,MSTR,364,0.06462708432707612,0.1,outputs\us_stock_selection\run_20260502_220641\v8_2_year_stability\v8_2_monthly_holdings_by_strategy.csv,9.825
top10_voltarget20p_w60,MSTR,364,0.063965182086188,0.1,outputs\us_stock_selection\run_20260502_220641\v8_2_year_stability\v8_2_monthly_holdings_by_strategy.csv,9.825
top10_voltarget25p_w20,MSTR,364,0.07735847580733356,0.1,outputs\us_stock_selection\run_20260502_220641\v8_2_year_stability\v8_2_monthly_holdings_by_strategy.csv,9.825
top10_voltarget25p_w60,MSTR,364,0.077989883395532,0.1,outputs\us_stock_selection\run_20260502_220641\v8_2_year_stability\v8_2_monthly_holdings_by_strategy.csv,9.825
top10_ytdcap40p_derisk50p,MSTR,364,0.0853021978021978,0.1,outputs\us_stock_selection\run_20260502_220641\v8_2_year_stability\v8_2_monthly_holdings_by_strategy.csv,9.825
top10_ytdcap40p_derisk75p,MSTR,364,0.0779532967032967,0.1,outputs\us_stock_selection\run_20260502_220641\v8_2_year_stability\v8_2_monthly_holdings_by_strategy.csv,9.825
top10_ytdcap60p_derisk50p,MSTR,364,0.09093406593406594,0.1,outputs\us_stock_selection\run_20260502_220641\v8_2_year_stability\v8_2_monthly_holdings_by_strategy.csv,9.825
top10_ytdcap60p_derisk75p,MSTR,364,0.08640109890109891,0.1,outputs\us_stock_selection\run_20260502_220641\v8_2_year_stability\v8_2_monthly_holdings_by_strategy.csv,9.825
top10_ytdcap80p_derisk50p,MSTR,364,0.09945054945054946,0.1,outputs\us_stock_selection\run_20260502_220641\v8_2_year_stability\v8_2_monthly_holdings_by_strategy.csv,9.825
top10_ytdcap80p_derisk75p,MSTR,364,0.09917582417582418,0.1,outputs\us_stock_selection\run_20260502_220641\v8_2_year_stability\v8_2_monthly_holdings_by_strategy.csv,9.825
top15_equal_mw10p,NET,364,0.0666666666666666,0.0666666666666666,outputs\us_stock_selection\run_20260502_220641\v8_2_year_stability\v8_2_monthly_holdings_by_strategy.csv,9.825
top10_ytdcap80p_derisk100p,MSTR,360,0.1,0.1,outputs\us_stock_selection\run_20260502_220641\v8_2_year_stability\v8_2_monthly_holdings_by_strategy.csv,9.825
top5_dropout_mw20p,NVDA,353,0.2,0.2,outputs\us_stock_selection\run_20260502_220641\v8_2_year_stability\v8_2_monthly_holdings_by_strategy.csv,9.825
top10_dropout_mw10p,NVDA,353,0.1,0.1,outputs\us_stock_selection\run_20260502_220641\v8_2_year_stability\v8_2_monthly_holdings_by_strategy.csv,9.825
top10_equal_mw10p,NVDA,353,0.1,0.1,outputs\us_stock_selection\run_20260502_220641\v8_2_year_stability\v8_2_monthly_holdings_by_strategy.csv,9.825
top10_equal_mw15p,NVDA,353,0.1,0.1,outputs\us_stock_selection\run_20260502_220641\v8_2_year_stability\v8_2_monthly_holdings_by_strategy.csv,9.825
top10_equal_mw20p,NVDA,353,0.1,0.1,outputs\us_stock_selection\run_20260502_220641\v8_2_year_stability\v8_2_monthly_holdings_by_strategy.csv,9.825
top10_roll3mcap30p_derisk50,NVDA,353,0.09900849858356942,0.1,outputs\us_stock_selection\run_20260502_220641\v8_2_year_stability\v8_2_monthly_holdings_by_strategy.csv,9.825
top10_roll3mcap50p_derisk50,NVDA,353,0.1,0.1,outputs\us_stock_selection\run_20260502_220641\v8_2_year_stability\v8_2_monthly_holdings_by_strategy.csv,9.825
top10_roll6mcap50p_derisk50,NVDA,353,0.09645892351274789,0.1,outputs\us_stock_selection\run_20260502_220641\v8_2_year_stability\v8_2_monthly_holdings_by_strategy.csv,9.825
top10_roll6mcap80p_derisk50,NVDA,353,0.1,0.1,outputs\us_stock_selection\run_20260502_220641\v8_2_year_stability\v8_2_monthly_holdings_by_strategy.csv,9.825
top10_voltarget15p_w20,NVDA,353,0.05270345070966661,0.1,outputs\us_stock_selection\run_20260502_220641\v8_2_year_stability\v8_2_monthly_holdings_by_strategy.csv,9.825
top10_voltarget15p_w60,NVDA,353,0.049094829540897535,0.1,outputs\us_stock_selection\run_20260502_220641\v8_2_year_stability\v8_2_monthly_holdings_by_strategy.csv,9.825
top10_voltarget20p_w20,NVDA,353,0.06922777761831225,0.1,outputs\us_stock_selection\run_20260502_220641\v8_2_year_stability\v8_2_monthly_holdings_by_strategy.csv,9.825
top10_voltarget20p_w60,NVDA,353,0.06357119859466226,0.1,outputs\us_stock_selection\run_20260502_220641\v8_2_year_stability\v8_2_monthly_holdings_by_strategy.csv,9.825
top10_voltarget25p_w20,NVDA,353,0.08087228492362529,0.1,outputs\us_stock_selection\run_20260502_220641\v8_2_year_stability\v8_2_monthly_holdings_by_strategy.csv,9.825
top10_voltarget25p_w60,NVDA,353,0.07593534800144434,0.1,outputs\us_stock_selection\run_20260502_220641\v8_2_year_stability\v8_2_monthly_holdings_by_strategy.csv,9.825
top10_ytdcap40p_derisk50p,NVDA,353,0.09589235127478754,0.1,outputs\us_stock_selection\run_20260502_220641\v8_2_year_stability\v8_2_monthly_holdings_by_strategy.csv,9.825
top10_ytdcap40p_derisk75p,NVDA,353,0.09383852691218131,0.1,outputs\us_stock_selection\run_20260502_220641\v8_2_year_stability\v8_2_monthly_holdings_by_strategy.csv,9.825
top10_ytdcap60p_derisk100p,NVDA,353,0.1,0.1,outputs\us_stock_selection\run_20260502_220641\v8_2_year_stability\v8_2_monthly_holdings_by_strategy.csv,9.825
top10_ytdcap60p_derisk50p,NVDA,353,0.1,0.1,outputs\us_stock_selection\run_20260502_220641\v8_2_year_stability\v8_2_monthly_holdings_by_strategy.csv,9.825
top10_ytdcap60p_derisk75p,NVDA,353,0.1,0.1,outputs\us_stock_selection\run_20260502_220641\v8_2_year_stability\v8_2_monthly_holdings_by_strategy.csv,9.825
top10_ytdcap80p_derisk100p,NVDA,353,0.1,0.1,outputs\us_stock_selection\run_20260502_220641\v8_2_year_stability\v8_2_monthly_holdings_by_strategy.csv,9.825
top10_ytdcap80p_derisk50p,NVDA,353,0.1,0.1,outputs\us_stock_selection\run_20260502_220641\v8_2_year_stability\v8_2_monthly_holdings_by_strategy.csv,9.825
top10_ytdcap80p_derisk75p,NVDA,353,0.1,0.1,outputs\us_stock_selection\run_20260502_220641\v8_2_year_stability\v8_2_monthly_holdings_by_strategy.csv,9.825
top5_equal_mw20p,MSTR,343,0.2,0.2,outputs\us_stock_selection\run_20260502_220641\v8_2_year_stability\v8_2_monthly_holdings_by_strategy.csv,9.825
top5_roll3mcap30p_derisk50,MSTR,343,0.17055393586005832,0.2,outputs\us_stock_selection\run_20260502_220641\v8_2_year_stability\v8_2_monthly_holdings_by_strategy.csv,9.825
top5_roll3mcap50p_derisk50,MSTR,343,0.19212827988338194,0.2,outputs\us_stock_selection\run_20260502_220641\v8_2_year_stability\v8_2_monthly_holdings_by_strategy.csv,9.825
top5_roll6mcap50p_derisk50,MSTR,343,0.16326530612244897,0.2,outputs\us_stock_selection\run_20260502_220641\v8_2_year_stability\v8_2_monthly_holdings_by_strategy.csv,9.825
top5_roll6mcap80p_derisk50,MSTR,343,0.19125364431486883,0.2,outputs\us_stock_selection\run_20260502_220641\v8_2_year_stability\v8_2_monthly_holdings_by_strategy.csv,9.825
top5_voltarget15p_w20,MSTR,343,0.08077944134967299,0.2,outputs\us_stock_selection\run_20260502_220641\v8_2_year_stability\v8_2_monthly_holdings_by_strategy.csv,9.825
top5_voltarget15p_w60,MSTR,343,0.08540267454501901,0.2,outputs\us_stock_selection\run_20260502_220641\v8_2_year_stability\v8_2_monthly_holdings_by_strategy.csv,9.825
top5_voltarget20p_w20,MSTR,343,0.10690527420624793,0.2,outputs\us_stock_selection\run_20260502_220641\v8_2_year_stability\v8_2_monthly_holdings_by_strategy.csv,9.825
top5_voltarget20p_w60,MSTR,343,0.1099829635333004,0.2,outputs\us_stock_selection\run_20260502_220641\v8_2_year_stability\v8_2_monthly_holdings_by_strategy.csv,9.825
top5_voltarget25p_w20,MSTR,343,0.13171544139839023,0.2,outputs\us_stock_selection\run_20260502_220641\v8_2_year_stability\v8_2_monthly_holdings_by_strategy.csv,9.825
top5_voltarget25p_w60,MSTR,343,0.13455553732195044,0.2,outputs\us_stock_selection\run_20260502_220641\v8_2_year_stability\v8_2_monthly_holdings_by_strategy.csv,9.825
top5_ytdcap40p_derisk50p,MSTR,343,0.13935860058309038,0.2,outputs\us_stock_selection\run_20260502_220641\v8_2_year_stability\v8_2_monthly_holdings_by_strategy.csv,9.825
top5_ytdcap40p_derisk75p,MSTR,343,0.10903790087463557,0.2,outputs\us_stock_selection\run_20260502_220641\v8_2_year_stability\v8_2_monthly_holdings_by_strategy.csv,9.825
top5_ytdcap60p_derisk50p,MSTR,343,0.1577259475218659,0.2,outputs\us_stock_selection\run_20260502_220641\v8_2_year_stability\v8_2_monthly_holdings_by_strategy.csv,9.825
top5_ytdcap60p_derisk75p,MSTR,343,0.13658892128279884,0.2,outputs\us_stock_selection\run_20260502_220641\v8_2_year_stability\v8_2_monthly_holdings_by_strategy.csv,9.825
top5_ytdcap80p_derisk50p,MSTR,343,0.17434402332361518,0.2,outputs\us_stock_selection\run_20260502_220641\v8_2_year_stability\v8_2_monthly_holdings_by_strategy.csv,9.825
top5_ytdcap80p_derisk75p,MSTR,343,0.16151603498542275,0.2,outputs\us_stock_selection\run_20260502_220641\v8_2_year_stability\v8_2_monthly_holdings_by_strategy.csv,9.825
top5_equal_mw15p,MSTR,343,0.15,0.15,outputs\us_stock_selection\run_20260502_220641\v8_2_year_stability\v8_2_monthly_holdings_by_strategy.csv,9.825
top5_equal_mw10p,MSTR,343,0.1,0.1,outputs\us_stock_selection\run_20260502_220641\v8_2_year_stability\v8_2_monthly_holdings_by_strategy.csv,9.825
top15_equal_mw10p,NOW,334,0.0666666666666666,0.0666666666666666,outputs\us_stock_selection\run_20260502_220641\v8_2_year_stability\v8_2_monthly_holdings_by_strategy.csv,9.825
top15_equal_mw10p,QLD,332,0.0666666666666666,0.0666666666666666,outputs\us_stock_selection\run_20260502_220641\v8_2_year_stability\v8_2_monthly_holdings_by_strategy.csv,9.825
top10_equal_mw10p,SHOP,331,0.1,0.1,outputs\us_stock_selection\run_20260502_220641\v8_2_year_stability\v8_2_monthly_holdings_by_strategy.csv,9.825
top10_equal_mw15p,SHOP,331,0.1,0.1,outputs\us_stock_selection\run_20260502_220641\v8_2_year_stability\v8_2_monthly_holdings_by_strategy.csv,9.825
top10_equal_mw20p,SHOP,331,0.1,0.1,outputs\us_stock_selection\run_20260502_220641\v8_2_year_stability\v8_2_monthly_holdings_by_strategy.csv,9.825
top10_roll3mcap30p_derisk50,SHOP,331,0.09138972809667674,0.1,outputs\us_stock_selection\run_20260502_220641\v8_2_year_stability\v8_2_monthly_holdings_by_strategy.csv,9.825
top10_roll3mcap50p_derisk50,SHOP,331,0.0987915407854985,0.1,outputs\us_stock_selection\run_20260502_220641\v8_2_year_stability\v8_2_monthly_holdings_by_strategy.csv,9.825
top10_roll6mcap50p_derisk50,SHOP,331,0.0971299093655589,0.1,outputs\us_stock_selection\run_20260502_220641\v8_2_year_stability\v8_2_monthly_holdings_by_strategy.csv,9.825
top10_roll6mcap80p_derisk50,SHOP,331,0.1,0.1,outputs\us_stock_selection\run_20260502_220641\v8_2_year_stability\v8_2_monthly_holdings_by_strategy.csv,9.825
top10_voltarget15p_w20,SHOP,331,0.05373389486164322,0.1,outputs\us_stock_selection\run_20260502_220641\v8_2_year_stability\v8_2_monthly_holdings_by_strategy.csv,9.825
top10_voltarget15p_w60,SHOP,331,0.04997717987886682,0.1,outputs\us_stock_selection\run_20260502_220641\v8_2_year_stability\v8_2_monthly_holdings_by_strategy.csv,9.825
top10_voltarget20p_w20,SHOP,331,0.06981155660413792,0.1,outputs\us_stock_selection\run_20260502_220641\v8_2_year_stability\v8_2_monthly_holdings_by_strategy.csv,9.825
top10_voltarget20p_w60,SHOP,331,0.06462214114765327,0.1,outputs\us_stock_selection\run_20260502_220641\v8_2_year_stability\v8_2_monthly_holdings_by_strategy.csv,9.825
top10_voltarget25p_w20,SHOP,331,0.0807781984019937,0.1,outputs\us_stock_selection\run_20260502_220641\v8_2_year_stability\v8_2_monthly_holdings_by_strategy.csv,9.825
top10_voltarget25p_w60,SHOP,331,0.07698081230380426,0.1,outputs\us_stock_selection\run_20260502_220641\v8_2_year_stability\v8_2_monthly_holdings_by_strategy.csv,9.825
top10_ytdcap40p_derisk50p,SHOP,331,0.09063444108761329,0.1,outputs\us_stock_selection\run_20260502_220641\v8_2_year_stability\v8_2_monthly_holdings_by_strategy.csv,9.825
top10_ytdcap40p_derisk75p,SHOP,331,0.08595166163141994,0.1,outputs\us_stock_selection\run_20260502_220641\v8_2_year_stability\v8_2_monthly_holdings_by_strategy.csv,9.825
top10_ytdcap60p_derisk50p,SHOP,331,0.09501510574018128,0.1,outputs\us_stock_selection\run_20260502_220641\v8_2_year_stability\v8_2_monthly_holdings_by_strategy.csv,9.825
top10_ytdcap60p_derisk75p,SHOP,331,0.09252265861027191,0.1,outputs\us_stock_selection\run_20260502_220641\v8_2_year_stability\v8_2_monthly_holdings_by_strategy.csv,9.825
top10_ytdcap80p_derisk50p,SHOP,331,0.09939577039274924,0.1,outputs\us_stock_selection\run_20260502_220641\v8_2_year_stability\v8_2_monthly_holdings_by_strategy.csv,9.825
top10_ytdcap80p_derisk75p,SHOP,331,0.09909365558912388,0.1,outputs\us_stock_selection\run_20260502_220641\v8_2_year_stability\v8_2_monthly_holdings_by_strategy.csv,9.825
top15_equal_mw10p,CRM,331,0.0666666666666666,0.0666666666666666,outputs\us_stock_selection\run_20260502_220641\v8_2_year_stability\v8_2_monthly_holdings_by_strategy.csv,9.825
top10_regime_qqq_vol35,MSTR,330,0.1,0.1,outputs\us_stock_selection\run_20260502_220641\v8_2_year_stability\v8_2_monthly_holdings_by_strategy.csv,9.825
top10_equal_mw10p,TQQQ,327,0.1,0.1,outputs\us_stock_selection\run_20260502_220641\v8_2_year_stability\v8_2_monthly_holdings_by_strategy.csv,9.825
top10_equal_mw15p,TQQQ,327,0.1,0.1,outputs\us_stock_selection\run_20260502_220641\v8_2_year_stability\v8_2_monthly_holdings_by_strategy.csv,9.825
top10_equal_mw20p,TQQQ,327,0.1,0.1,outputs\us_stock_selection\run_20260502_220641\v8_2_year_stability\v8_2_monthly_holdings_by_strategy.csv,9.825
top10_roll3mcap30p_derisk50,TQQQ,327,0.09602446483180428,0.1,outputs\us_stock_selection\run_20260502_220641\v8_2_year_stability\v8_2_monthly_holdings_by_strategy.csv,9.825
top10_roll3mcap50p_derisk50,TQQQ,327,0.09954128440366974,0.1,outputs\us_stock_selection\run_20260502_220641\v8_2_year_stability\v8_2_monthly_holdings_by_strategy.csv,9.825
top10_roll6mcap50p_derisk50,TQQQ,327,0.09403669724770643,0.1,outputs\us_stock_selection\run_20260502_220641\v8_2_year_stability\v8_2_monthly_holdings_by_strategy.csv,9.825
top10_roll6mcap80p_derisk50,TQQQ,327,0.09938837920489296,0.1,outputs\us_stock_selection\run_20260502_220641\v8_2_year_stability\v8_2_monthly_holdings_by_strategy.csv,9.825
top10_voltarget15p_w20,TQQQ,327,0.05219876000365585,0.1,outputs\us_stock_selection\run_20260502_220641\v8_2_year_stability\v8_2_monthly_holdings_by_strategy.csv,9.825
top10_voltarget15p_w60,TQQQ,327,0.049330554934892606,0.1,outputs\us_stock_selection\run_20260502_220641\v8_2_year_stability\v8_2_monthly_holdings_by_strategy.csv,9.825
top10_voltarget20p_w20,TQQQ,327,0.06834039448862896,0.1,outputs\us_stock_selection\run_20260502_220641\v8_2_year_stability\v8_2_monthly_holdings_by_strategy.csv,9.825
top10_voltarget20p_w60,TQQQ,327,0.06383727406201788,0.1,outputs\us_stock_selection\run_20260502_220641\v8_2_year_stability\v8_2_monthly_holdings_by_strategy.csv,9.825
top10_voltarget25p_w20,TQQQ,327,0.08021319867055787,0.1,outputs\us_stock_selection\run_20260502_220641\v8_2_year_stability\v8_2_monthly_holdings_by_strategy.csv,9.825
top10_voltarget25p_w60,TQQQ,327,0.07586887967959924,0.1,outputs\us_stock_selection\run_20260502_220641\v8_2_year_stability\v8_2_monthly_holdings_by_strategy.csv,9.825
top10_ytdcap40p_derisk50p,TQQQ,327,0.0863914373088685,0.1,outputs\us_stock_selection\run_20260502_220641\v8_2_year_stability\v8_2_monthly_holdings_by_strategy.csv,9.825
top10_ytdcap40p_derisk75p,TQQQ,327,0.07958715596330276,0.1,outputs\us_stock_selection\run_20260502_220641\v8_2_year_stability\v8_2_monthly_holdings_by_strategy.csv,9.825
top10_ytdcap60p_derisk50p,TQQQ,327,0.09510703363914373,0.1,outputs\us_stock_selection\run_20260502_220641\v8_2_year_stability\v8_2_monthly_holdings_by_strategy.csv,9.825
top10_ytdcap60p_derisk75p,TQQQ,327,0.0926605504587156,0.1,outputs\us_stock_selection\run_20260502_220641\v8_2_year_stability\v8_2_monthly_holdings_by_strategy.csv,9.825
top10_ytdcap80p_derisk100p,SHOP,327,0.1,0.1,outputs\us_stock_selection\run_20260502_220641\v8_2_year_stability\v8_2_monthly_holdings_by_strategy.csv,9.825
top10_ytdcap80p_derisk100p,TQQQ,327,0.1,0.1,outputs\us_stock_selection\run_20260502_220641\v8_2_year_stability\v8_2_monthly_holdings_by_strategy.csv,9.825
top10_ytdcap80p_derisk50p,TQQQ,327,0.1,0.1,outputs\us_stock_selection\run_20260502_220641\v8_2_year_stability\v8_2_monthly_holdings_by_strategy.csv,9.825
top10_ytdcap80p_derisk75p,TQQQ,327,0.1,0.1,outputs\us_stock_selection\run_20260502_220641\v8_2_year_stability\v8_2_monthly_holdings_by_strategy.csv,9.825
top15_equal_mw10p,CRWD,327,0.0666666666666666,0.0666666666666666,outputs\us_stock_selection\run_20260502_220641\v8_2_year_stability\v8_2_monthly_holdings_by_strategy.csv,9.825
top15_equal_mw10p,PLTR,325,0.0666666666666666,0.0666666666666666,outputs\us_stock_selection\run_20260502_220641\v8_2_year_stability\v8_2_monthly_holdings_by_strategy.csv,9.825
top10_ytdcap40p_derisk100p,NVDA,324,0.09999999999999999,0.1,outputs\us_stock_selection\run_20260502_220641\v8_2_year_stability\v8_2_monthly_holdings_by_strategy.csv,9.825
top5_regime_qqq_vol35,MSTR,323,0.20000000000000004,0.2,outputs\us_stock_selection\run_20260502_220641\v8_2_year_stability\v8_2_monthly_holdings_by_strategy.csv,9.825
top5_dropout_mw20p,PLTR,313,0.2,0.2,outputs\us_stock_selection\run_20260502_220641\v8_2_year_stability\v8_2_monthly_holdings_by_strategy.csv,9.825
top15_equal_mw10p,AVGO,313,0.0666666666666666,0.0666666666666666,outputs\us_stock_selection\run_20260502_220641\v8_2_year_stability\v8_2_monthly_holdings_by_strategy.csv,9.825
top15_equal_mw10p,UPRO,307,0.0666666666666666,0.0666666666666666,outputs\us_stock_selection\run_20260502_220641\v8_2_year_stability\v8_2_monthly_holdings_by_strategy.csv,9.825
top10_equal_mw10p,NET,303,0.1,0.1,outputs\us_stock_selection\run_20260502_220641\v8_2_year_stability\v8_2_monthly_holdings_by_strategy.csv,9.825
top10_equal_mw15p,NET,303,0.1,0.1,outputs\us_stock_selection\run_20260502_220641\v8_2_year_stability\v8_2_monthly_holdings_by_strategy.csv,9.825
top10_equal_mw20p,NET,303,0.1,0.1,outputs\us_stock_selection\run_20260502_220641\v8_2_year_stability\v8_2_monthly_holdings_by_strategy.csv,9.825
top10_roll3mcap30p_derisk50,NET,303,0.09207920792079209,0.1,outputs\us_stock_selection\run_20260502_220641\v8_2_year_stability\v8_2_monthly_holdings_by_strategy.csv,9.825
top10_roll3mcap50p_derisk50,NET,303,0.09917491749174917,0.1,outputs\us_stock_selection\run_20260502_220641\v8_2_year_stability\v8_2_monthly_holdings_by_strategy.csv,9.825
top10_roll6mcap50p_derisk50,NET,303,0.08993399339933994,0.1,outputs\us_stock_selection\run_20260502_220641\v8_2_year_stability\v8_2_monthly_holdings_by_strategy.csv,9.825
top10_roll6mcap80p_derisk50,NET,303,0.09933993399339934,0.1,outputs\us_stock_selection\run_20260502_220641\v8_2_year_stability\v8_2_monthly_holdings_by_strategy.csv,9.825
top10_voltarget15p_w20,NET,303,0.05456000209311734,0.1,outputs\us_stock_selection\run_20260502_220641\v8_2_year_stability\v8_2_monthly_holdings_by_strategy.csv,9.825
top10_voltarget15p_w60,NET,303,0.058605002467198575,0.1,outputs\us_stock_selection\run_20260502_220641\v8_2_year_stability\v8_2_monthly_holdings_by_strategy.csv,9.825
top10_voltarget20p_w20,NET,303,0.07145508431350484,0.1,outputs\us_stock_selection\run_20260502_220641\v8_2_year_stability\v8_2_monthly_holdings_by_strategy.csv,9.825
top10_voltarget20p_w60,NET,303,0.07384957424669383,0.1,outputs\us_stock_selection\run_20260502_220641\v8_2_year_stability\v8_2_monthly_holdings_by_strategy.csv,9.825
top10_voltarget25p_w20,NET,303,0.083527616164028,0.1,outputs\us_stock_selection\run_20260502_220641\v8_2_year_stability\v8_2_monthly_holdings_by_strategy.csv,9.825
top10_voltarget25p_w60,NET,303,0.08619040435234392,0.1,outputs\us_stock_selection\run_20260502_220641\v8_2_year_stability\v8_2_monthly_holdings_by_strategy.csv,9.825
top10_ytdcap40p_derisk50p,NET,303,0.08597359735973598,0.1,outputs\us_stock_selection\run_20260502_220641\v8_2_year_stability\v8_2_monthly_holdings_by_strategy.csv,9.825
top10_ytdcap40p_derisk75p,NET,303,0.07896039603960396,0.1,outputs\us_stock_selection\run_20260502_220641\v8_2_year_stability\v8_2_monthly_holdings_by_strategy.csv,9.825
top10_ytdcap60p_derisk50p,NET,303,0.09207920792079209,0.1,outputs\us_stock_selection\run_20260502_220641\v8_2_year_stability\v8_2_monthly_holdings_by_strategy.csv,9.825
top10_ytdcap60p_derisk75p,NET,303,0.08811881188118813,0.1,outputs\us_stock_selection\run_20260502_220641\v8_2_year_stability\v8_2_monthly_holdings_by_strategy.csv,9.825
top10_ytdcap80p_derisk50p,NET,303,0.09933993399339934,0.1,outputs\us_stock_selection\run_20260502_220641\v8_2_year_stability\v8_2_monthly_holdings_by_strategy.csv,9.825
top10_ytdcap80p_derisk75p,NET,303,0.09900990099009901,0.1,outputs\us_stock_selection\run_20260502_220641\v8_2_year_stability\v8_2_monthly_holdings_by_strategy.csv,9.825
top10_ytdcap80p_derisk100p,NET,299,0.1,0.1,outputs\us_stock_selection\run_20260502_220641\v8_2_year_stability\v8_2_monthly_holdings_by_strategy.csv,9.825
top10_ytdcap60p_derisk100p,MSTR,298,0.1,0.1,outputs\us_stock_selection\run_20260502_220641\v8_2_year_stability\v8_2_monthly_holdings_by_strategy.csv,9.825
top10_ytdcap60p_derisk100p,SHOP,298,0.1,0.1,outputs\us_stock_selection\run_20260502_220641\v8_2_year_stability\v8_2_monthly_holdings_by_strategy.csv,9.825
top10_ytdcap60p_derisk100p,TQQQ,295,0.1,0.1,outputs\us_stock_selection\run_20260502_220641\v8_2_year_stability\v8_2_monthly_holdings_by_strategy.csv,9.825
top10_equal_mw10p,TSLA,290,0.1,0.1,outputs\us_stock_selection\run_20260502_220641\v8_2_year_stability\v8_2_monthly_holdings_by_strategy.csv,9.825
top10_equal_mw15p,TSLA,290,0.1,0.1,outputs\us_stock_selection\run_20260502_220641\v8_2_year_stability\v8_2_monthly_holdings_by_strategy.csv,9.825
top10_equal_mw20p,TSLA,290,0.1,0.1,outputs\us_stock_selection\run_20260502_220641\v8_2_year_stability\v8_2_monthly_holdings_by_strategy.csv,9.825
top10_roll3mcap30p_derisk50,TSLA,290,0.09206896551724139,0.1,outputs\us_stock_selection\run_20260502_220641\v8_2_year_stability\v8_2_monthly_holdings_by_strategy.csv,9.825
top10_roll3mcap50p_derisk50,TSLA,290,0.09913793103448276,0.1,outputs\us_stock_selection\run_20260502_220641\v8_2_year_stability\v8_2_monthly_holdings_by_strategy.csv,9.825
top10_roll6mcap50p_derisk50,TSLA,290,0.09534482758620691,0.1,outputs\us_stock_selection\run_20260502_220641\v8_2_year_stability\v8_2_monthly_holdings_by_strategy.csv,9.825
top10_roll6mcap80p_derisk50,TSLA,290,0.1,0.1,outputs\us_stock_selection\run_20260502_220641\v8_2_year_stability\v8_2_monthly_holdings_by_strategy.csv,9.825
top10_voltarget15p_w20,TSLA,290,0.04960122681694395,0.1,outputs\us_stock_selection\run_20260502_220641\v8_2_year_stability\v8_2_monthly_holdings_by_strategy.csv,9.825
top10_voltarget15p_w60,TSLA,290,0.051527881588777455,0.1,outputs\us_stock_selection\run_20260502_220641\v8_2_year_stability\v8_2_monthly_holdings_by_strategy.csv,9.825
top10_voltarget20p_w20,TSLA,290,0.0654657131496798,0.1,outputs\us_stock_selection\run_20260502_220641\v8_2_year_stability\v8_2_monthly_holdings_by_strategy.csv,9.825
top10_voltarget20p_w60,TSLA,290,0.06422108349768031,0.1,outputs\us_stock_selection\run_20260502_220641\v8_2_year_stability\v8_2_monthly_holdings_by_strategy.csv,9.825
top10_voltarget25p_w20,TSLA,290,0.07915410419831319,0.1,outputs\us_stock_selection\run_20260502_220641\v8_2_year_stability\v8_2_monthly_holdings_by_strategy.csv,9.825
top10_voltarget25p_w60,TSLA,290,0.07691428540658314,0.1,outputs\us_stock_selection\run_20260502_220641\v8_2_year_stability\v8_2_monthly_holdings_by_strategy.csv,9.825
top10_ytdcap40p_derisk50p,TSLA,290,0.09258620689655173,0.1,outputs\us_stock_selection\run_20260502_220641\v8_2_year_stability\v8_2_monthly_holdings_by_strategy.csv,9.825
top10_ytdcap40p_derisk75p,TSLA,290,0.0888793103448276,0.1,outputs\us_stock_selection\run_20260502_220641\v8_2_year_stability\v8_2_monthly_holdings_by_strategy.csv,9.825
top10_ytdcap60p_derisk50p,TSLA,290,0.09413793103448276,0.1,outputs\us_stock_selection\run_20260502_220641\v8_2_year_stability\v8_2_monthly_holdings_by_strategy.csv,9.825
top10_ytdcap60p_derisk75p,TSLA,290,0.09120689655172415,0.1,outputs\us_stock_selection\run_20260502_220641\v8_2_year_stability\v8_2_monthly_holdings_by_strategy.csv,9.825
top10_ytdcap80p_derisk50p,TSLA,290,0.0993103448275862,0.1,outputs\us_stock_selection\run_20260502_220641\v8_2_year_stability\v8_2_monthly_holdings_by_strategy.csv,9.825
top10_ytdcap80p_derisk75p,TSLA,290,0.09896551724137932,0.1,outputs\us_stock_selection\run_20260502_220641\v8_2_year_stability\v8_2_monthly_holdings_by_strategy.csv,9.825
top15_equal_mw10p,NFLX,290,0.0666666666666666,0.0666666666666666,outputs\us_stock_selection\run_20260502_220641\v8_2_year_stability\v8_2_monthly_holdings_by_strategy.csv,9.825
top5_equal_mw20p,NVDA,288,0.2,0.2,outputs\us_stock_selection\run_20260502_220641\v8_2_year_stability\v8_2_monthly_holdings_by_strategy.csv,9.825
top5_roll3mcap30p_derisk50,NVDA,288,0.1920138888888889,0.2,outputs\us_stock_selection\run_20260502_220641\v8_2_year_stability\v8_2_monthly_holdings_by_strategy.csv,9.825
top5_roll3mcap50p_derisk50,NVDA,288,0.19861111111111113,0.2,outputs\us_stock_selection\run_20260502_220641\v8_2_year_stability\v8_2_monthly_holdings_by_strategy.csv,9.825
top5_roll6mcap50p_derisk50,NVDA,288,0.18229166666666666,0.2,outputs\us_stock_selection\run_20260502_220641\v8_2_year_stability\v8_2_monthly_holdings_by_strategy.csv,9.825
top5_roll6mcap80p_derisk50,NVDA,288,0.1951388888888889,0.2,outputs\us_stock_selection\run_20260502_220641\v8_2_year_stability\v8_2_monthly_holdings_by_strategy.csv,9.825
top5_voltarget15p_w20,NVDA,288,0.09252763226131283,0.2,outputs\us_stock_selection\run_20260502_220641\v8_2_year_stability\v8_2_monthly_holdings_by_strategy.csv,9.825
top5_voltarget15p_w60,NVDA,288,0.09254624344884864,0.2,outputs\us_stock_selection\run_20260502_220641\v8_2_year_stability\v8_2_monthly_holdings_by_strategy.csv,9.825
top5_voltarget20p_w20,NVDA,288,0.12198617237121362,0.2,outputs\us_stock_selection\run_20260502_220641\v8_2_year_stability\v8_2_monthly_holdings_by_strategy.csv,9.825
top5_voltarget20p_w60,NVDA,288,0.11876536163550193,0.2,outputs\us_stock_selection\run_20260502_220641\v8_2_year_stability\v8_2_monthly_holdings_by_strategy.csv,9.825
top5_voltarget25p_w20,NVDA,288,0.14732278276181912,0.2,outputs\us_stock_selection\run_20260502_220641\v8_2_year_stability\v8_2_monthly_holdings_by_strategy.csv,9.825
top5_voltarget25p_w60,NVDA,288,0.14202689594796264,0.2,outputs\us_stock_selection\run_20260502_220641\v8_2_year_stability\v8_2_monthly_holdings_by_strategy.csv,9.825
top5_ytdcap40p_derisk50p,NVDA,288,0.1559027777777778,0.2,outputs\us_stock_selection\run_20260502_220641\v8_2_year_stability\v8_2_monthly_holdings_by_strategy.csv,9.825
top5_ytdcap40p_derisk75p,NVDA,288,0.1338541666666667,0.2,outputs\us_stock_selection\run_20260502_220641\v8_2_year_stability\v8_2_monthly_holdings_by_strategy.csv,9.825
top5_ytdcap60p_derisk50p,NVDA,288,0.1909722222222222,0.2,outputs\us_stock_selection\run_20260502_220641\v8_2_year_stability\v8_2_monthly_holdings_by_strategy.csv,9.825
top5_ytdcap60p_derisk75p,NVDA,288,0.18645833333333334,0.2,outputs\us_stock_selection\run_20260502_220641\v8_2_year_stability\v8_2_monthly_holdings_by_strategy.csv,9.825
top5_ytdcap80p_derisk100p,NVDA,288,0.2,0.2,outputs\us_stock_selection\run_20260502_220641\v8_2_year_stability\v8_2_monthly_holdings_by_strategy.csv,9.825
top5_ytdcap80p_derisk50p,NVDA,288,0.2,0.2,outputs\us_stock_selection\run_20260502_220641\v8_2_year_stability\v8_2_monthly_holdings_by_strategy.csv,9.825
top5_ytdcap80p_derisk75p,NVDA,288,0.2,0.2,outputs\us_stock_selection\run_20260502_220641\v8_2_year_stability\v8_2_monthly_holdings_by_strategy.csv,9.825
top5_equal_mw15p,NVDA,288,0.15,0.15,outputs\us_stock_selection\run_20260502_220641\v8_2_year_stability\v8_2_monthly_holdings_by_strategy.csv,9.825
top5_equal_mw10p,NVDA,288,0.1,0.1,outputs\us_stock_selection\run_20260502_220641\v8_2_year_stability\v8_2_monthly_holdings_by_strategy.csv,9.825
top10_ytdcap80p_derisk100p,TSLA,286,0.1,0.1,outputs\us_stock_selection\run_20260502_220641\v8_2_year_stability\v8_2_monthly_holdings_by_strategy.csv,9.825
top10_regime_qqq_vol35,NVDA,278,0.1,0.1,outputs\us_stock_selection\run_20260502_220641\v8_2_year_stability\v8_2_monthly_holdings_by_strategy.csv,9.825
top10_equal_mw10p,PLTR,272,0.1,0.1,outputs\us_stock_selection\run_20260502_220641\v8_2_year_stability\v8_2_monthly_holdings_by_strategy.csv,9.825
top10_equal_mw15p,PLTR,272,0.1,0.1,outputs\us_stock_selection\run_20260502_220641\v8_2_year_stability\v8_2_monthly_holdings_by_strategy.csv,9.825
top10_equal_mw20p,PLTR,272,0.1,0.1,outputs\us_stock_selection\run_20260502_220641\v8_2_year_stability\v8_2_monthly_holdings_by_strategy.csv,9.825
top10_roll3mcap30p_derisk50,PLTR,272,0.09375,0.1,outputs\us_stock_selection\run_20260502_220641\v8_2_year_stability\v8_2_monthly_holdings_by_strategy.csv,9.825
top10_roll3mcap50p_derisk50,PLTR,272,0.09944852941176471,0.1,outputs\us_stock_selection\run_20260502_220641\v8_2_year_stability\v8_2_monthly_holdings_by_strategy.csv,9.825
